,corr
USDEUR,0.514342726059311
USDGBP,0.3455557072387168
USDJPY,0.49295361831183926
USDAUD,
USDNZD,
USDCAD,
USDCHF,0.3685120448029112
USDNOK,0.4552752093355939
USDSEK,0.4563707509808567
GBPEUR,0.46376093465562784
EURJPY,0.5617409656027157
EURAUD,
EURNZD,
EURCAD,
EURCHF,0.2952033631093196
EURNOK,0.38410305237368514
EURSEK,0.3632571503695417
GBPJPY,0.5220682267805576
GBPAUD,
GBPNZD,
GBPCAD,
GBPCHF,0.4927076479217811
GBPNOK,0.47718473178254855
GBPSEK,0.40557654060851767
AUDJPY,
NZDJPY,
CADJPY,
JPYCHF,0.45136639528513
JPYNOK,0.47641027073369285
JPYSEK,0.4968355058929222
AUDNZD,
AUDCAD,
AUDCHF,
AUDNOK,
AUDSEK,
NZDCAD,
NZDCHF,
NZDNOK,
NZDSEK,
CADCHF,
CADNOK,
CADSEK,
NOKCHF,0.4305597575466065
SEKCHF,0.3758123917002899
NOKSEK,0.31386643163537303
