,corr
USDEUR,0.2997941179758227
USDGBP,0.27444352040566083
USDJPY,0.23242475925375639
USDAUD,
USDNZD,
USDCAD,
USDCHF,0.058863442831169954
USDNOK,0.3216242267843623
USDSEK,0.4184447237362474
GBPEUR,-0.15900200096635736
EURJPY,0.049406118964079725
EURAUD,
EURNZD,
EURCAD,
EURCHF,-0.09265809886139374
EURNOK,0.031024500154051563
EURSEK,0.28571912171227504
GBPJPY,0.1956518239275438
GBPAUD,
GBPNZD,
GBPCAD,
GBPCHF,-0.06644515431203765
GBPNOK,0.17070936560368732
GBPSEK,0.3564482391582132
AUDJPY,
NZDJPY,
CADJPY,
JPYCHF,-0.0863703983115342
JPYNOK,0.19117110966064724
JPYSEK,0.2687511581270446
AUDNZD,
AUDCAD,
AUDCHF,
AUDNOK,
AUDSEK,
NZDCAD,
NZDCHF,
NZDNOK,
NZDSEK,
CADCHF,
CADNOK,
CADSEK,
NOKCHF,-0.2661171071767238
SEKCHF,-0.403972015754871
NOKSEK,0.31258709870951173
