,corr
USDEUR,0.5332304854552976
USDGBP,0.41750630940637234
USDJPY,0.4736890115700614
USDAUD,
USDNZD,
USDCAD,
USDCHF,0.4430541012706859
USDNOK,0.45937994750677685
USDSEK,0.5232930318950476
GBPEUR,0.502186229095342
EURJPY,0.46497100137398556
EURAUD,
EURNZD,
EURCAD,
EURCHF,0.326122289392591
EURNOK,0.44474004018101754
EURSEK,0.4345348589538511
GBPJPY,0.49098737505589035
GBPAUD,
GBPNZD,
GBPCAD,
GBPCHF,0.4525718805180024
GBPNOK,0.4384603036376728
GBPSEK,0.45096576300628083
AUDJPY,
NZDJPY,
CADJPY,
JPYCHF,0.400328305132248
JPYNOK,0.41878245982869783
JPYSEK,0.4035189328793355
AUDNZD,
AUDCAD,
AUDCHF,
AUDNOK,
AUDSEK,
NZDCAD,
NZDCHF,
NZDNOK,
NZDSEK,
CADCHF,
CADNOK,
CADSEK,
NOKCHF,0.445760912585099
SEKCHF,0.4202472080356891
NOKSEK,0.49931027333782624
