,corr
USDEUR,0.21198524252418127
USDGBP,0.15526192471416073
USDJPY,0.16433797917834536
USDAUD,
USDNZD,
USDCAD,
USDCHF,0.04032400415056208
USDNOK,0.2283452030824823
USDSEK,0.2761431768816406
GBPEUR,-0.07907279968869899
EURJPY,0.046024088262689875
EURAUD,
EURNZD,
EURCAD,
EURCHF,-0.06220003469180904
EURNOK,0.022961839320466013
EURSEK,0.18774980048619597
GBPJPY,0.14223657143501212
GBPAUD,
GBPNZD,
GBPCAD,
GBPCHF,-0.029869689468126074
GBPNOK,0.14239359629040532
GBPSEK,0.25718007924734837
AUDJPY,
NZDJPY,
CADJPY,
JPYCHF,-0.0692181698580209
JPYNOK,0.11196902100656299
JPYSEK,0.15784510756637876
AUDNZD,
AUDCAD,
AUDCHF,
AUDNOK,
AUDSEK,
NZDCAD,
NZDCHF,
NZDNOK,
NZDSEK,
CADCHF,
CADNOK,
CADSEK,
NOKCHF,-0.17362407552218012
SEKCHF,-0.2596835576866513
NOKSEK,0.18810367551550863
