,corr
USDEUR,0.6781579122635012
USDGBP,0.22534004992729526
USDJPY,0.4550861239638827
USDAUD,
USDNZD,
USDCAD,
USDCHF,0.3383042974224431
USDNOK,0.5492599007680783
USDSEK,0.3700598646088897
GBPEUR,0.5447778028059186
EURJPY,0.6255414833852936
EURAUD,
EURNZD,
EURCAD,
EURCHF,0.3593567019979253
EURNOK,0.46884712712097626
EURSEK,0.3278005644405924
GBPJPY,0.32579613673353386
GBPAUD,
GBPNZD,
GBPCAD,
GBPCHF,0.35750788457504507
GBPNOK,0.6570959083807502
GBPSEK,0.5406075248734907
AUDJPY,
NZDJPY,
CADJPY,
JPYCHF,0.49778092307388716
JPYNOK,0.4846062419456727
JPYSEK,0.35902526402319224
AUDNZD,
AUDCAD,
AUDCHF,
AUDNOK,
AUDSEK,
NZDCAD,
NZDCHF,
NZDNOK,
NZDSEK,
CADCHF,
CADNOK,
CADSEK,
NOKCHF,0.43672340671466575
SEKCHF,0.41519617102956147
NOKSEK,0.31143766619242935
