,corr
USDEUR,0.08909525853306122
USDGBP,0.05960631455597066
USDJPY,0.09478508493577802
USDAUD,
USDNZD,
USDCAD,
USDCHF,0.02039995250268023
USDNOK,0.08072263904047648
USDSEK,0.10925940313774003
GBPEUR,-0.00863128010920582
EURJPY,0.036402063976077315
EURAUD,
EURNZD,
EURCAD,
EURCHF,-0.029722216244114544
EURNOK,0.008875036766683567
EURSEK,0.06917652973505231
GBPJPY,0.07356522749478388
GBPAUD,
GBPNZD,
GBPCAD,
GBPCHF,-0.009860135958217556
GBPNOK,0.05532570258618282
GBPSEK,0.09503555919444803
AUDJPY,
NZDJPY,
CADJPY,
JPYCHF,-0.044004676410493444
JPYNOK,0.02744207729769883
JPYSEK,0.04998616951251363
AUDNZD,
AUDCAD,
AUDCHF,
AUDNOK,
AUDSEK,
NZDCAD,
NZDCHF,
NZDNOK,
NZDSEK,
CADCHF,
CADNOK,
CADSEK,
NOKCHF,-0.05556689294611637
SEKCHF,-0.09673136781224875
NOKSEK,0.06331677288216547
