,corr
USDEUR,0.4250115101043771
USDGBP,0.3572238575764975
USDJPY,0.46781259010968895
USDAUD,0.6054878193740716
USDNZD,
USDCAD,0.28750195780048093
USDCHF,
USDNOK,-0.022105671351186993
USDSEK,0.15586079747164674
GBPEUR,0.5129430287170587
EURJPY,0.4866576308984549
EURAUD,0.320840267007484
EURNZD,
EURCAD,0.2866739098597454
EURCHF,
EURNOK,0.3814706435964959
EURSEK,0.24496135196471838
GBPJPY,0.6466876652841874
GBPAUD,0.18286074540187608
GBPNZD,
GBPCAD,0.34254607695214223
GBPCHF,
GBPNOK,0.4768086998302394
GBPSEK,0.4409692051791467
AUDJPY,0.4267337015345195
NZDJPY,
CADJPY,0.24600177121593747
JPYCHF,
JPYNOK,0.24678337254070223
JPYSEK,0.22342997931994263
AUDNZD,
AUDCAD,0.3269180446946133
AUDCHF,
AUDNOK,0.5502150111646205
AUDSEK,0.6478746708523136
NZDCAD,
NZDCHF,
NZDNOK,
NZDSEK,
CADCHF,
CADNOK,0.0962616605747882
CADSEK,0.09263534389604276
NOKCHF,
SEKCHF,
NOKSEK,-0.05693547214659115
