,corr
USDEUR,0.4369109151205456
USDGBP,0.7011797191817365
USDJPY,0.5113491966644328
USDAUD,0.8630029879764729
USDNZD,
USDCAD,0.5538086669784046
USDCHF,
USDNOK,0.1262737489598622
USDSEK,0.22353661895419177
GBPEUR,0.341695646397718
EURJPY,0.7451556769307429
EURAUD,0.26583129506004954
EURNZD,
EURCAD,0.3379913703764131
EURCHF,
EURNOK,0.06260732307211628
EURSEK,-0.23879240885968495
GBPJPY,0.7872801283561033
GBPAUD,0.030700729655370806
GBPNZD,
GBPCAD,0.6508424172720259
GBPCHF,
GBPNOK,0.33301717247940826
GBPSEK,0.09924834804152272
AUDJPY,0.5821533625934964
NZDJPY,
CADJPY,0.12490370985347356
JPYCHF,
JPYNOK,0.3489228657211292
JPYSEK,-0.07184300310736741
AUDNZD,
AUDCAD,0.1622200605989238
AUDCHF,
AUDNOK,0.8568203378046587
AUDSEK,1.0
NZDCAD,
NZDCHF,
NZDNOK,
NZDSEK,
CADCHF,
CADNOK,0.15401081853237325
CADSEK,-0.20973574412633209
NOKCHF,
SEKCHF,
NOKSEK,-0.44192032659433744
