,corr
USDEUR,0.3093942791096749
USDGBP,0.09827288277421448
USDJPY,0.46362056267624374
USDAUD,
USDNZD,
USDCAD,0.17914627624761817
USDCHF,
USDNOK,0.26842298777324
USDSEK,0.05281917286805044
GBPEUR,0.6586427676309546
EURJPY,0.4307086891668766
EURAUD,1.0
EURNZD,
EURCAD,0.49566931289102245
EURCHF,
EURNOK,0.10155502957514816
EURSEK,0.5539649105187384
GBPJPY,0.8322773223864812
GBPAUD,0.7588484666795213
GBPNZD,
GBPCAD,0.38558300061958783
GBPCHF,
GBPNOK,0.6947846870493936
GBPSEK,-0.37570301974797027
AUDJPY,0.46359606643228857
NZDJPY,
CADJPY,0.10534053588555985
JPYCHF,
JPYNOK,-0.6129527931109557
JPYSEK,-0.4617761112497339
AUDNZD,
AUDCAD,1.0
AUDCHF,
AUDNOK,
AUDSEK,
NZDCAD,
NZDCHF,
NZDNOK,
NZDSEK,
CADCHF,
CADNOK,0.7739700899274077
CADSEK,-0.1560594462427966
NOKCHF,
SEKCHF,
NOKSEK,-0.9387176898924658
